[
    {
        "id":1,
        "title":"First Question",
        "des":"Lorem ipsum dolor sit amet consectetur adipisicing elit. Dolore, est quisquam? Doloribus temporibus praesentium possimus, at deserunt nostrum unde distinctio?"
    },
    {
        "id":2,
        "title":"Second Question",
        "des":"Lorem ipsum dolor sit amet consectetur adipisicing elit. Dolore, est quisquam? Doloribus temporibus praesentium possimus, at deserunt nostrum unde distinctio?"
    },
    {
        "id":3,
        "title":"Third Question",
        "des":"Lorem ipsum dolor sit amet consectetur adipisicing elit. Dolore, est quisquam? Doloribus temporibus praesentium possimus, at deserunt nostrum unde distinctio?"
    },
    {
        "id":4,
        "title":"Forth Question",
        "des":"Lorem ipsum dolor sit amet consectetur adipisicing elit. Dolore, est quisquam? Doloribus temporibus praesentium possimus, at deserunt nostrum unde distinctio?"
    }
]